--
-- PostgreSQL database dump
--

-- Dumped from database version 11.5
-- Dumped by pg_dump version 11.5

SET statement_timeout = 0;
SET lock_timeout = 0;
SET idle_in_transaction_session_timeout = 0;
SET client_encoding = 'UTF8';
SET standard_conforming_strings = on;
SELECT pg_catalog.set_config('search_path', '', false);
SET check_function_bodies = false;
SET xmloption = content;
SET client_min_messages = warning;
SET row_security = off;

--
-- Name: citext; Type: EXTENSION; Schema: -; Owner: 
--

CREATE EXTENSION IF NOT EXISTS citext WITH SCHEMA public;


--
-- Name: EXTENSION citext; Type: COMMENT; Schema: -; Owner: 
--

COMMENT ON EXTENSION citext IS 'data type for case-insensitive character strings';


SET default_tablespace = '';

SET default_with_oids = false;

--
-- Name: users; Type: TABLE; Schema: public; Owner: postgres
--

CREATE TABLE public.users (
    userid integer NOT NULL,
    username character varying(50) NOT NULL,
    password character varying(255) NOT NULL,
    email public.citext NOT NULL,
    avatar_image text DEFAULT 'data:image/svg+xml;base64,PD94bWwgdmVyc2lvbj0iMS4wIiBlbmNvZGluZz0iaXNvLTg4NTktMSI/Pg0KPCEtLSBHZW5lcmF0b3I6IEFkb2JlIElsbHVzdHJhdG9yIDE2LjAuMCwgU1ZHIEV4cG9ydCBQbHVnLUluIC4gU1ZHIFZlcnNpb246IDYuMDAgQnVpbGQgMCkgIC0tPg0KPCFET0NUWVBFIHN2ZyBQVUJMSUMgIi0vL1czQy8vRFREIFNWRyAxLjEvL0VOIiAiaHR0cDovL3d3dy53My5vcmcvR3JhcGhpY3MvU1ZHLzEuMS9EVEQvc3ZnMTEuZHRkIj4NCjxzdmcgdmVyc2lvbj0iMS4xIiBpZD0iQ2FwYV8xIiB4bWxucz0iaHR0cDovL3d3dy53My5vcmcvMjAwMC9zdmciIHhtbG5zOnhsaW5rPSJodHRwOi8vd3d3LnczLm9yZy8xOTk5L3hsaW5rIiB4PSIwcHgiIHk9IjBweCINCgkgd2lkdGg9IjU3NS42MTZweCIgaGVpZ2h0PSI1NzUuNjE2cHgiIHZpZXdCb3g9IjAgMCA1NzUuNjE2IDU3NS42MTYiIHN0eWxlPSJlbmFibGUtYmFja2dyb3VuZDpuZXcgMCAwIDU3NS42MTYgNTc1LjYxNjsiDQoJIHhtbDpzcGFjZT0icHJlc2VydmUiPg0KPGc+DQoJPGc+DQoJCTxwYXRoIGQ9Ik00MjkuMjQ4LDE0MS40MzlDNDI5LjI0OCw2My4zMywzNjUuOTg1LDAsMjg3LjgwOCwwYy03OC4xMDksMC0xNDEuNDM5LDYzLjMzLTE0MS40MzksMTQxLjQzOQ0KCQkJYzAsNzguMTEsNjMuMzMsMTQxLjQzOSwxNDEuNDM5LDE0MS40MzlDMzY1Ljk4OCwyODIuODc4LDQyOS4yNDgsMjE5LjU0OSw0MjkuMjQ4LDE0MS40Mzl6IE0xODEuNzI3LDE0NC40OTkNCgkJCWMwLDAtNC4wNzktNDAuMTIsMjQuODItNzAuNzJjMjAuMzQsMjAuMzg5LDgxLjI2MSw3MC43MiwxODcuMzQyLDcwLjcyYzAsNTguNDk4LTQ3LjU4NiwxMDYuMDgxLTEwNi4wODEsMTA2LjA4MQ0KCQkJUzE4MS43MjcsMjAyLjk5NCwxODEuNzI3LDE0NC40OTl6Ii8+DQoJCTxwYXRoIGQ9Ik00NS4wNDksMzkxLjY4djYyLjU1OXY4MC45MTljMCwyMi4zNjUsMTguMTM2LDQwLjQ1OSw0MC40NTksNDAuNDU5aDQwNC42YzIyLjM2NSwwLDQwLjQ1OS0xOC4wOTcsNDAuNDU5LTQwLjQ1OXYtODAuOTE5DQoJCQlWMzkxLjY4YzAtNDQuNjg4LTM2LjE5My04MC45MTktODAuOTE5LTgwLjkxOUgzNzcuOTFjLTUuMDcsMC0xMS40NiwzLjQyMi0xNC4yNzEsNy42MzlsLTcwLjczNSw5OS45ODINCgkJCWMtMi44MTIsNC4yMi03LjM3Miw0LjIyLTEwLjE4NCwwbC03MC43MzgtOTkuOTg2Yy0yLjgxMi00LjIyLTkuMjAyLTcuNjM4LTE0LjI3Mi03LjYzOGgtNzEuNzQyDQoJCQlDODEuMzE5LDMxMC43NTgsNDUuMDQ5LDM0Ni45OTEsNDUuMDQ5LDM5MS42OHoiLz4NCgk8L2c+DQo8L2c+DQo8Zz4NCjwvZz4NCjxnPg0KPC9nPg0KPGc+DQo8L2c+DQo8Zz4NCjwvZz4NCjxnPg0KPC9nPg0KPGc+DQo8L2c+DQo8Zz4NCjwvZz4NCjxnPg0KPC9nPg0KPGc+DQo8L2c+DQo8Zz4NCjwvZz4NCjxnPg0KPC9nPg0KPGc+DQo8L2c+DQo8Zz4NCjwvZz4NCjxnPg0KPC9nPg0KPGc+DQo8L2c+DQo8L3N2Zz4NCg=='::text
);


ALTER TABLE public.users OWNER TO postgres;

--
-- Name: Users_userId_seq; Type: SEQUENCE; Schema: public; Owner: postgres
--

CREATE SEQUENCE public."Users_userId_seq"
    AS integer
    START WITH 1
    INCREMENT BY 1
    NO MINVALUE
    NO MAXVALUE
    CACHE 1;


ALTER TABLE public."Users_userId_seq" OWNER TO postgres;

--
-- Name: Users_userId_seq; Type: SEQUENCE OWNED BY; Schema: public; Owner: postgres
--

ALTER SEQUENCE public."Users_userId_seq" OWNED BY public.users.userid;


--
-- Name: posts; Type: TABLE; Schema: public; Owner: postgres
--

CREATE TABLE public.posts (
    postid integer NOT NULL,
    posttitle character varying(255) NOT NULL,
    postcontent character varying NOT NULL,
    postuserid integer NOT NULL,
    time_edited timestamp with time zone DEFAULT CURRENT_TIMESTAMP NOT NULL
);


ALTER TABLE public.posts OWNER TO postgres;

--
-- Name: posts_postid_seq; Type: SEQUENCE; Schema: public; Owner: postgres
--

CREATE SEQUENCE public.posts_postid_seq
    AS integer
    START WITH 1
    INCREMENT BY 1
    NO MINVALUE
    NO MAXVALUE
    CACHE 1;


ALTER TABLE public.posts_postid_seq OWNER TO postgres;

--
-- Name: posts_postid_seq; Type: SEQUENCE OWNED BY; Schema: public; Owner: postgres
--

ALTER SEQUENCE public.posts_postid_seq OWNED BY public.posts.postid;


--
-- Name: tokens; Type: TABLE; Schema: public; Owner: postgres
--

CREATE TABLE public.tokens (
    refreshtoken character varying(255) NOT NULL
);


ALTER TABLE public.tokens OWNER TO postgres;

--
-- Name: user_followers; Type: TABLE; Schema: public; Owner: postgres
--

CREATE TABLE public.user_followers (
    userid integer NOT NULL,
    follows_userid integer NOT NULL
);


ALTER TABLE public.user_followers OWNER TO postgres;

--
-- Name: posts postid; Type: DEFAULT; Schema: public; Owner: postgres
--

ALTER TABLE ONLY public.posts ALTER COLUMN postid SET DEFAULT nextval('public.posts_postid_seq'::regclass);


--
-- Name: users userid; Type: DEFAULT; Schema: public; Owner: postgres
--

ALTER TABLE ONLY public.users ALTER COLUMN userid SET DEFAULT nextval('public."Users_userId_seq"'::regclass);


--
-- Data for Name: posts; Type: TABLE DATA; Schema: public; Owner: postgres
--

COPY public.posts (postid, posttitle, postcontent, postuserid, time_edited) FROM stdin;
60	fasdfsadf	vsvxcvxzcv	69	2019-09-14 01:50:25.052+08
92	Tables	| 1| 2| buckle my shoe|\n| --------- | ------- | ---|\n| asdf| ✔ | ~~ strikethrough ~~|\n| cxvxcv| cvcvcv | ![](https://i.redd.it/ig5u8ke5qo421.png) |\n| `const long = "schlong"`     | ✔ | What |	69	2019-09-18 18:04:38.984+08
59	EDITED PATR 2	cvcvEDDITED	69	2019-09-14 01:53:35.248+08
56	asdfasdfas APRT SFDGSDFGVSB	dfasdfdsf MAZING	69	2019-09-14 01:53:47.994+08
87	Test	# Hello \n## Hello part 2\n _this is some text_\n`const time = Date.now()` => [Robert Herbst - Advanced Patterns| ReactNext 2018](https://www.youtube.com/watch?v=GjkIxno8bik)\n\n1. Amazign list item\n2. Another *one*\n3. T**hird** one\n\n- [ ] Not done\n- [done] Done?\n\n![Some image](https://i.redd.it/8ons2uu1xym31.jpg)\n\n- > Tonight we hunt - Gengar\n- Somebody once told me\n- ~~Strikeout~~	74	2019-09-17 14:22:09.636+08
21	edited	This API provides access to data on the running file system. Ensure that either (a) the way in which the path argument was constructed into an absolute path is secure if it contains user input or (b) set the root option to the absolute path of a directory to contain access within.\n\nWhen the root option is provided, the path argument is allowed to be a relative path, including containing ... Express will validate that the relative path provided as path will resolve within the given root option.	66	2019-09-10 17:07:42.852782+08
22	What in the world is this amazing thing	a	66	2019-09-10 17:07:42.852782+08
91	Tables in markdown?	# Live demo\n\nChanges are automatically rendered as you type.\n\n## Table of Contents\n\n* Implements [GitHub Flavored Markdown](https://github.github.com/gfm/)\n* Renders actual, "native" React DOM elements\n* Allows you to escape or skip HTML (try toggling the checkboxes above)\n* If you escape or skip the HTML, no `dangerouslySetInnerHTML` is used! Yay!\n\n## HTML block below\n\n<blockquote>\n  This blockquote will change based on the HTML settings above.\n</blockquote>\n\n## How about some code?\n```js\nvar React = require('react');\nvar Markdown = require('react-markdown');\n\nReact.render(\n  <Markdown source="# Your markdown here" />,\n  document.getElementById('content')\n);\n```\n\nPretty neat, eh?\n\n## Tables?\n\n| Feature   | Support |\n| --------- | ------- |\n| tables    | ✔ |\n| alignment | ✔ |\n| wewt      | ✔ |\n\n## More info?\n\nRead usage information and more on [GitHub](//github.com/rexxars/react-markdown)\n\n---------------\n\nA component by [Espen Hovlandsdal](https://espen.codes/)	69	2019-09-17 14:51:21.221+08
25	A post by user1	This is a user1 postnbmbnvbn	67	2019-09-14 17:39:23.205+08
90	This is a new post by asdfasdf	# asdfasdf\n**What in the tarnation**\n- One\n- Two\n- Four\n`const [] === '[]'`\n\n![](https://i.redd.it/jd25yqv8xsf31.jpg)	74	2019-09-18 16:29:29.652+08
\.


--
-- Data for Name: tokens; Type: TABLE DATA; Schema: public; Owner: postgres
--

COPY public.tokens (refreshtoken) FROM stdin;
eyJhbGciOiJIUzI1NiIsInR5cCI6IkpXVCJ9.eyJ1c2VyaWQiOjY5LCJ1c2VybmFtZSI6InRvaGhvbmd4aWFuZyIsImlhdCI6MTU2ODgwMTA2NywiZXhwIjoxNTY4ODQ0MjY3fQ.D5EhS08ojQzFyQ5kV6s5Tx7RDpuAShl8rpW-ME05vj8
\.


--
-- Data for Name: user_followers; Type: TABLE DATA; Schema: public; Owner: postgres
--

COPY public.user_followers (userid, follows_userid) FROM stdin;
67	69
69	67
69	66
74	69
74	66
\.


--
-- Data for Name: users; Type: TABLE DATA; Schema: public; Owner: postgres
--

COPY public.users (userid, username, password, email, avatar_image) FROM stdin;
68	user123	$2a$10$g4XdC.9C/M5dWqceISazCeJnO.zm9HHZ2kyJPSCh3eWTlzgzZkyoi	3434@asdfsaf.com	data:image/svg+xml;base64,PD94bWwgdmVyc2lvbj0iMS4wIiBlbmNvZGluZz0iaXNvLTg4NTktMSI/Pg0KPCEtLSBHZW5lcmF0b3I6IEFkb2JlIElsbHVzdHJhdG9yIDE2LjAuMCwgU1ZHIEV4cG9ydCBQbHVnLUluIC4gU1ZHIFZlcnNpb246IDYuMDAgQnVpbGQgMCkgIC0tPg0KPCFET0NUWVBFIHN2ZyBQVUJMSUMgIi0vL1czQy8vRFREIFNWRyAxLjEvL0VOIiAiaHR0cDovL3d3dy53My5vcmcvR3JhcGhpY3MvU1ZHLzEuMS9EVEQvc3ZnMTEuZHRkIj4NCjxzdmcgdmVyc2lvbj0iMS4xIiBpZD0iQ2FwYV8xIiB4bWxucz0iaHR0cDovL3d3dy53My5vcmcvMjAwMC9zdmciIHhtbG5zOnhsaW5rPSJodHRwOi8vd3d3LnczLm9yZy8xOTk5L3hsaW5rIiB4PSIwcHgiIHk9IjBweCINCgkgd2lkdGg9IjU3NS42MTZweCIgaGVpZ2h0PSI1NzUuNjE2cHgiIHZpZXdCb3g9IjAgMCA1NzUuNjE2IDU3NS42MTYiIHN0eWxlPSJlbmFibGUtYmFja2dyb3VuZDpuZXcgMCAwIDU3NS42MTYgNTc1LjYxNjsiDQoJIHhtbDpzcGFjZT0icHJlc2VydmUiPg0KPGc+DQoJPGc+DQoJCTxwYXRoIGQ9Ik00MjkuMjQ4LDE0MS40MzlDNDI5LjI0OCw2My4zMywzNjUuOTg1LDAsMjg3LjgwOCwwYy03OC4xMDksMC0xNDEuNDM5LDYzLjMzLTE0MS40MzksMTQxLjQzOQ0KCQkJYzAsNzguMTEsNjMuMzMsMTQxLjQzOSwxNDEuNDM5LDE0MS40MzlDMzY1Ljk4OCwyODIuODc4LDQyOS4yNDgsMjE5LjU0OSw0MjkuMjQ4LDE0MS40Mzl6IE0xODEuNzI3LDE0NC40OTkNCgkJCWMwLDAtNC4wNzktNDAuMTIsMjQuODItNzAuNzJjMjAuMzQsMjAuMzg5LDgxLjI2MSw3MC43MiwxODcuMzQyLDcwLjcyYzAsNTguNDk4LTQ3LjU4NiwxMDYuMDgxLTEwNi4wODEsMTA2LjA4MQ0KCQkJUzE4MS43MjcsMjAyLjk5NCwxODEuNzI3LDE0NC40OTl6Ii8+DQoJCTxwYXRoIGQ9Ik00NS4wNDksMzkxLjY4djYyLjU1OXY4MC45MTljMCwyMi4zNjUsMTguMTM2LDQwLjQ1OSw0MC40NTksNDAuNDU5aDQwNC42YzIyLjM2NSwwLDQwLjQ1OS0xOC4wOTcsNDAuNDU5LTQwLjQ1OXYtODAuOTE5DQoJCQlWMzkxLjY4YzAtNDQuNjg4LTM2LjE5My04MC45MTktODAuOTE5LTgwLjkxOUgzNzcuOTFjLTUuMDcsMC0xMS40NiwzLjQyMi0xNC4yNzEsNy42MzlsLTcwLjczNSw5OS45ODINCgkJCWMtMi44MTIsNC4yMi03LjM3Miw0LjIyLTEwLjE4NCwwbC03MC43MzgtOTkuOTg2Yy0yLjgxMi00LjIyLTkuMjAyLTcuNjM4LTE0LjI3Mi03LjYzOGgtNzEuNzQyDQoJCQlDODEuMzE5LDMxMC43NTgsNDUuMDQ5LDM0Ni45OTEsNDUuMDQ5LDM5MS42OHoiLz4NCgk8L2c+DQo8L2c+DQo8Zz4NCjwvZz4NCjxnPg0KPC9nPg0KPGc+DQo8L2c+DQo8Zz4NCjwvZz4NCjxnPg0KPC9nPg0KPGc+DQo8L2c+DQo8Zz4NCjwvZz4NCjxnPg0KPC9nPg0KPGc+DQo8L2c+DQo8Zz4NCjwvZz4NCjxnPg0KPC9nPg0KPGc+DQo8L2c+DQo8Zz4NCjwvZz4NCjxnPg0KPC9nPg0KPGc+DQo8L2c+DQo8L3N2Zz4NCg==
70	asdfasdf3	$2a$10$P6aV1sKBdVkxa6Qzt2XuGeghzpc72TPeL0rOO2gN.3OHcbilJmfWu	asdfasdf3@gmail.com	data:image/svg+xml;base64,PD94bWwgdmVyc2lvbj0iMS4wIiBlbmNvZGluZz0iaXNvLTg4NTktMSI/Pg0KPCEtLSBHZW5lcmF0b3I6IEFkb2JlIElsbHVzdHJhdG9yIDE2LjAuMCwgU1ZHIEV4cG9ydCBQbHVnLUluIC4gU1ZHIFZlcnNpb246IDYuMDAgQnVpbGQgMCkgIC0tPg0KPCFET0NUWVBFIHN2ZyBQVUJMSUMgIi0vL1czQy8vRFREIFNWRyAxLjEvL0VOIiAiaHR0cDovL3d3dy53My5vcmcvR3JhcGhpY3MvU1ZHLzEuMS9EVEQvc3ZnMTEuZHRkIj4NCjxzdmcgdmVyc2lvbj0iMS4xIiBpZD0iQ2FwYV8xIiB4bWxucz0iaHR0cDovL3d3dy53My5vcmcvMjAwMC9zdmciIHhtbG5zOnhsaW5rPSJodHRwOi8vd3d3LnczLm9yZy8xOTk5L3hsaW5rIiB4PSIwcHgiIHk9IjBweCINCgkgd2lkdGg9IjU3NS42MTZweCIgaGVpZ2h0PSI1NzUuNjE2cHgiIHZpZXdCb3g9IjAgMCA1NzUuNjE2IDU3NS42MTYiIHN0eWxlPSJlbmFibGUtYmFja2dyb3VuZDpuZXcgMCAwIDU3NS42MTYgNTc1LjYxNjsiDQoJIHhtbDpzcGFjZT0icHJlc2VydmUiPg0KPGc+DQoJPGc+DQoJCTxwYXRoIGQ9Ik00MjkuMjQ4LDE0MS40MzlDNDI5LjI0OCw2My4zMywzNjUuOTg1LDAsMjg3LjgwOCwwYy03OC4xMDksMC0xNDEuNDM5LDYzLjMzLTE0MS40MzksMTQxLjQzOQ0KCQkJYzAsNzguMTEsNjMuMzMsMTQxLjQzOSwxNDEuNDM5LDE0MS40MzlDMzY1Ljk4OCwyODIuODc4LDQyOS4yNDgsMjE5LjU0OSw0MjkuMjQ4LDE0MS40Mzl6IE0xODEuNzI3LDE0NC40OTkNCgkJCWMwLDAtNC4wNzktNDAuMTIsMjQuODItNzAuNzJjMjAuMzQsMjAuMzg5LDgxLjI2MSw3MC43MiwxODcuMzQyLDcwLjcyYzAsNTguNDk4LTQ3LjU4NiwxMDYuMDgxLTEwNi4wODEsMTA2LjA4MQ0KCQkJUzE4MS43MjcsMjAyLjk5NCwxODEuNzI3LDE0NC40OTl6Ii8+DQoJCTxwYXRoIGQ9Ik00NS4wNDksMzkxLjY4djYyLjU1OXY4MC45MTljMCwyMi4zNjUsMTguMTM2LDQwLjQ1OSw0MC40NTksNDAuNDU5aDQwNC42YzIyLjM2NSwwLDQwLjQ1OS0xOC4wOTcsNDAuNDU5LTQwLjQ1OXYtODAuOTE5DQoJCQlWMzkxLjY4YzAtNDQuNjg4LTM2LjE5My04MC45MTktODAuOTE5LTgwLjkxOUgzNzcuOTFjLTUuMDcsMC0xMS40NiwzLjQyMi0xNC4yNzEsNy42MzlsLTcwLjczNSw5OS45ODINCgkJCWMtMi44MTIsNC4yMi03LjM3Miw0LjIyLTEwLjE4NCwwbC03MC43MzgtOTkuOTg2Yy0yLjgxMi00LjIyLTkuMjAyLTcuNjM4LTE0LjI3Mi03LjYzOGgtNzEuNzQyDQoJCQlDODEuMzE5LDMxMC43NTgsNDUuMDQ5LDM0Ni45OTEsNDUuMDQ5LDM5MS42OHoiLz4NCgk8L2c+DQo8L2c+DQo8Zz4NCjwvZz4NCjxnPg0KPC9nPg0KPGc+DQo8L2c+DQo8Zz4NCjwvZz4NCjxnPg0KPC9nPg0KPGc+DQo8L2c+DQo8Zz4NCjwvZz4NCjxnPg0KPC9nPg0KPGc+DQo8L2c+DQo8Zz4NCjwvZz4NCjxnPg0KPC9nPg0KPGc+DQo8L2c+DQo8Zz4NCjwvZz4NCjxnPg0KPC9nPg0KPGc+DQo8L2c+DQo8L3N2Zz4NCg==
71	asdfasdf4	$2a$10$PinAX5twwisYUV3TeAkH5.aiH8ujoy6hoGN4LGVFqd8RNMY1FX86u	asdfasdf@gmail.com	data:image/svg+xml;base64,PD94bWwgdmVyc2lvbj0iMS4wIiBlbmNvZGluZz0iaXNvLTg4NTktMSI/Pg0KPCEtLSBHZW5lcmF0b3I6IEFkb2JlIElsbHVzdHJhdG9yIDE2LjAuMCwgU1ZHIEV4cG9ydCBQbHVnLUluIC4gU1ZHIFZlcnNpb246IDYuMDAgQnVpbGQgMCkgIC0tPg0KPCFET0NUWVBFIHN2ZyBQVUJMSUMgIi0vL1czQy8vRFREIFNWRyAxLjEvL0VOIiAiaHR0cDovL3d3dy53My5vcmcvR3JhcGhpY3MvU1ZHLzEuMS9EVEQvc3ZnMTEuZHRkIj4NCjxzdmcgdmVyc2lvbj0iMS4xIiBpZD0iQ2FwYV8xIiB4bWxucz0iaHR0cDovL3d3dy53My5vcmcvMjAwMC9zdmciIHhtbG5zOnhsaW5rPSJodHRwOi8vd3d3LnczLm9yZy8xOTk5L3hsaW5rIiB4PSIwcHgiIHk9IjBweCINCgkgd2lkdGg9IjU3NS42MTZweCIgaGVpZ2h0PSI1NzUuNjE2cHgiIHZpZXdCb3g9IjAgMCA1NzUuNjE2IDU3NS42MTYiIHN0eWxlPSJlbmFibGUtYmFja2dyb3VuZDpuZXcgMCAwIDU3NS42MTYgNTc1LjYxNjsiDQoJIHhtbDpzcGFjZT0icHJlc2VydmUiPg0KPGc+DQoJPGc+DQoJCTxwYXRoIGQ9Ik00MjkuMjQ4LDE0MS40MzlDNDI5LjI0OCw2My4zMywzNjUuOTg1LDAsMjg3LjgwOCwwYy03OC4xMDksMC0xNDEuNDM5LDYzLjMzLTE0MS40MzksMTQxLjQzOQ0KCQkJYzAsNzguMTEsNjMuMzMsMTQxLjQzOSwxNDEuNDM5LDE0MS40MzlDMzY1Ljk4OCwyODIuODc4LDQyOS4yNDgsMjE5LjU0OSw0MjkuMjQ4LDE0MS40Mzl6IE0xODEuNzI3LDE0NC40OTkNCgkJCWMwLDAtNC4wNzktNDAuMTIsMjQuODItNzAuNzJjMjAuMzQsMjAuMzg5LDgxLjI2MSw3MC43MiwxODcuMzQyLDcwLjcyYzAsNTguNDk4LTQ3LjU4NiwxMDYuMDgxLTEwNi4wODEsMTA2LjA4MQ0KCQkJUzE4MS43MjcsMjAyLjk5NCwxODEuNzI3LDE0NC40OTl6Ii8+DQoJCTxwYXRoIGQ9Ik00NS4wNDksMzkxLjY4djYyLjU1OXY4MC45MTljMCwyMi4zNjUsMTguMTM2LDQwLjQ1OSw0MC40NTksNDAuNDU5aDQwNC42YzIyLjM2NSwwLDQwLjQ1OS0xOC4wOTcsNDAuNDU5LTQwLjQ1OXYtODAuOTE5DQoJCQlWMzkxLjY4YzAtNDQuNjg4LTM2LjE5My04MC45MTktODAuOTE5LTgwLjkxOUgzNzcuOTFjLTUuMDcsMC0xMS40NiwzLjQyMi0xNC4yNzEsNy42MzlsLTcwLjczNSw5OS45ODINCgkJCWMtMi44MTIsNC4yMi03LjM3Miw0LjIyLTEwLjE4NCwwbC03MC43MzgtOTkuOTg2Yy0yLjgxMi00LjIyLTkuMjAyLTcuNjM4LTE0LjI3Mi03LjYzOGgtNzEuNzQyDQoJCQlDODEuMzE5LDMxMC43NTgsNDUuMDQ5LDM0Ni45OTEsNDUuMDQ5LDM5MS42OHoiLz4NCgk8L2c+DQo8L2c+DQo8Zz4NCjwvZz4NCjxnPg0KPC9nPg0KPGc+DQo8L2c+DQo8Zz4NCjwvZz4NCjxnPg0KPC9nPg0KPGc+DQo8L2c+DQo8Zz4NCjwvZz4NCjxnPg0KPC9nPg0KPGc+DQo8L2c+DQo8Zz4NCjwvZz4NCjxnPg0KPC9nPg0KPGc+DQo8L2c+DQo8Zz4NCjwvZz4NCjxnPg0KPC9nPg0KPGc+DQo8L2c+DQo8L3N2Zz4NCg==
74	asdfasdf	$2a$10$f9pSXR9wfGmrzTsJokcr5OUlaqdhYEvU609djtw5b.ULHPKXHN5G.	asdfsdf@asdf.com	data:image/png;base64,iVBORw0KGgoAAAANSUhEUgAAAgAAAAIACAMAAADDpiTIAAAAA3NCSVQICAjb4U/gAAAACXBIWXMAABFiAAARYgEk3+/tAAAAGXRFWHRTb2Z0d2FyZQB3d3cuaW5rc2NhcGUub3Jnm+48GgAAAwBQTFRF////AAAAAAAAAAAAAAAAAAAAAAAAAAAAAAAAAAAAAAAAAAAAAAAAAAAAAAAAAAAAAAAAAAAAAAAAAAAAAAAAAAAAAAAAAAAAAAAAAAAAAAAAAAAAAAAAAAAAAAAAAAAAAAAAAAAAAAAAAAAAAAAAAAAAAAAAAAAAAAAAAAAAAAAAAAAAAAAAAAAAAAAAAAAAAAAAAAAAAAAAAAAAAAAAAAAAAAAAAAAAAAAAAAAAAAAAAAAAAAAAAAAAAAAAAAAAAAAAAAAAAAAAAAAAAAAAAAAAAAAAAAAAAAAAAAAAAAAAAAAAAAAAAAAAAAAAAAAAAAAAAAAAAAAAAAAAAAAAAAAAAAAAAAAAAAAAAAAAAAAAAAAAAAAAAAAAAAAAAAAAAAAAAAAAAAAAAAAAAAAAAAAAAAAAAAAAAAAAAAAAAAAAAAAAAAAAAAAAAAAAAAAAAAAAAAAAAAAAAAAAAAAAAAAAAAAAAAAAAAAAAAAAAAAAAAAAAAAAAAAAAAAAAAAAAAAAAAAAAAAAAAAAAAAAAAAAAAAAAAAAAAAAAAAAAAAAAAAAAAAAAAAAAAAAAAAAAAAAAAAAAAAAAAAAAAAAAAAAAAAAAAAAAAAAAAAAAAAAAAAAAAAAAAAAAAAAAAAAAAAAAAAAAAAAAAAAAAAAAAAAAAAAAAAAAAAAAAAAAAAAAAAAAAAAAAAAAAAAAAAAAAAAAAAAAAAAAAAAAAAAAAAAAAAAAAAAAAAAAAAAAAAAAAAAAAAAAAAAAAAAAAAAAAAAAAAAAAAAAAAAAAAAAAAAAAAAAAAAAAAAAAAAAAAAAAAAAAAAAAAAAAAAAAAAAAAAAAAAAAAAAAAAAAAAAAAAAAAAAAAAAAAAAAAAAAAAAAAAAAAAAAAAAAAAAAAAAAAAAAAAAAAAAAAAAAAAAAAAAAAAAAAAAAAAAAAAAAAAAAAAAAAAAAAAAAAAAAAAAAAAAAAAAAAAAAAAAAAAAAAAAAAAAAAAAAAAAAAAAAAAAAAAAAAAAAAAAAAAAAAACyO34QAAAP90Uk5TAAECAwQFBgcICQoLDA0ODxAREhMUFRYXGBkaGxwdHh8gISIjJCUmJygpKissLS4vMDEyMzQ1Njc4OTo7PD0+P0BBQkNERUZHSElKS0xNTk9QUVJTVFVWV1hZWltcXV5fYGFiY2RlZmdoaWprbG1ub3BxcnN0dXZ3eHl6e3x9fn+AgYKDhIWGh4iJiouMjY6PkJGSk5SVlpeYmZqbnJ2en6ChoqOkpaanqKmqq6ytrq+wsbKztLW2t7i5uru8vb6/wMHCw8TFxsfIycrLzM3Oz9DR0tPU1dbX2Nna29zd3t/g4eLj5OXm5+jp6uvs7e7v8PHy8/T19vf4+fr7/P3+6wjZNQAAIaJJREFUeNrtnQl8U1W+x0+atiltaelG6ZKkKMWhICCyNIrjgqCCKMpTQRRHx3156owz6vMzoo4+1HF7Muo4Oq7D4A6KoyLozOCSQhHBCrIobZLS0pam+5ZmeUnuvbVL2pzkbue2v1+afiDN8j/3fM8/957zP/+/jkAjWjocAgAAAQAIAEAAAAIAEACAAAAEACAAAAEACABAAAACABAAgAAABAAgAAABAAgAQAAAAgAQAIAAAAQAIAAAAQAIAEAAAAIAEACAAAAEACAAAAEACABAAAACABAAgAAABAAgAAABAAgAQAAAAgAQAIAAAAQAIAAAAQAIAEAAAAIAEACAAAAEACAAAAEACABAAAACABAAgAAABAAgAAABAGiEAqDTx7hUNSDe6/EBAIU0OqtHiXpOfvM9LU1NzcGfJkd5eZvsViSNH29MTU1NCf6M1hPi83Bqr+NUW1fXCgCkHGT5Jk5JFE+uLT9U7v9xuCU3I9Y4/pjx/p+xFM9ttXOq7AYA0SuT7/dxUdjo+q50R+lej0SW6ItmzZw1NT7yF3qP8CTUAwBqGYxcvxsTxb5T+7c7SnccEPcVrZs4c9bME8SbIriELgAwmMbyA36stCY1WTdt+iHK10466yxLqqTW+Gp4EuoAAK8Evt+NCfJ9hmPTpi2NEb4m7cyzFhjlM6nDwYHg6ByhAOi4AW82ZSnzeZ7tmz4p9dJ+588+66xZemUMq+VdQq1vZACQKHzDG5Rva/07a78Mf5h1p65Ymqa8cV28S7B3DEsAdON4T5+prsOzr1tbNuQTpq1Ynq+uiUd5EI74hgMASXy/58cTVlS2dp19kD+Zl6+YwoydrkqehDYNAhCTw3d8OouXvr4v165rHvBoyvIVc5mcFXHyIFR72QdgNN/veXGEbbW8tOanPg8ce8tVoxm3uVtwCa3MAaDP5Tt+DNGMvBuf+nfPf067bXGMdkxvEFyCR20AUvhLudxYokXtfmpdYGLOsPy2aZq0332YJ6FZYQBihQGfSjSu2ueeIzfcMFbrzWjiQahyywvAGL7fc/Vk2KiLGIZPYzxVPAmNkgNwzPnzCkyjCaQNtdgrPnv/kHQALHz4eBxUzansro+kAUB3z/2snSJ7Gro8Hrf/5nHHp6SmqHXR2d3c1OyK1etj/Te9IY21b0bvqod8UgDw2uWMnPRW2qu4iKs6Z9+GjUrxU5BuHj9+fMEo2c1oryivKLc5/X3f3HfaXpeelZU11n/PNeUzcln0+koJADh/AyOXvVU0M2HZfgqmnnisHFN6voM7vysvL6+leGqMcJ2UpvKxW/K+aACS9ppU8q/8Va4tiomvlBNOnDHjOOm+uLz7v9n5za4oLreTzepOjdqL2sQCcMvTagx4mwRT30nTT5l/sviLvK6vNn+xS+yCTGBxxKyGS/jvNWIBeHWlYgPeJv1M96hfzp9/fPTfB76yzZu3SrpAn8xPnirlEl67QiwAu2SeJm2wybnWFTwtmDd/UTRxR3X/3PxZjVxGCeulZpldwu7pIgHQt8uzki/P0tZgij1z+ZKUiF7RvGHdFrcSpiULERPyuARXokccAAkSRyjxi9u2I16irBIWLj+XNu6088N1HykdrBkzzixLCMWoTiYA4Aa8Te7wlqE1esnyBeEnazyfrtvQoqKVSfzpokQuQWUAnHbu1E7xAT+IzDdePfQIc774rI0NU2PGcaeLIl2COgB0V9qUiGeL6oBcesvgp7W71/yjgzmL+bhKc3QuQVkA6oWIVi9hWL+8ZUmoqVr3hjVbWTY7RoiszmAOAIUCWKVT/hMXDXjs7d9UasT6iEKtZQWgnj+zO6K5HAnXPzfgoRv+orVGBDZbmMO5BDkACAz44Hd8O9GqhgUAPUrkTxdDuQQZACibpu2kKMMPgJ7O3H28EgCEnV0EAGopxLw9AAAAAAAAAAAAAAAAAAAAAAAAAAAAAAAAAAAAAAAAAAAAAAAQ/G1cOHPWZNr9bLtOAADaASC03HtKd3zk6AHguseSI/gUeADtAxBQ6x3PcwBkv7Ygok9RE4Ck9LT09OA9PdXT1Vut9gpHl0IAZBUU5CYY4nvd3M4GpzN4dzZ0awQAQj5dWRMA4NP5hHEAuOxzxqz09CGDoHzVtooKW4XN1iEPALrsggJz4DZ09vhWp/OISuUiIt3GtXmBH4AQx4IRAKLOPldjq9hr3dYkIQDHWooLC0wRJjT3VvOhkk5WAfA3Wmfcm8waAClcgJPI7HO+H6wl1r0+0QAkzbJYisXlNG8TykW4WAOgtUh3XcTnPnIBIEf2uabtVuu2hqgBmGAptkyVLvOLT6ggc5QVAMj1uheuVhsAubPP+fZbP3vTHTEAOVecVCxXMYN2oVxEl9oAvKj7drpKAMTl8R2vRPa5Qw++7o4IgNy7rkmQ3yxfT7kItQDYpeuOVRiAdL7fc5RNPXZgXmUEAFz+grL5IzsdXKC9yAoykQPg1kUe4h0dABFV/5NDZXObqQE44xO1Ms+JqyATRTYP2QHIEKr/qZ5rcMvCbkoAJn09Rm1jhQoyjnaNAmAQBnwiYUaXraUEYOO57BgdUQUZBgDI4vs9m8HiGx+cTwfAmJp49oyn2oCrIgC62UXB6dpRhF11jW2mAuDKlxhuBJ9kp8TGFACnL70wh7Cv8zZSAbD2Ug20Zce7b5azAkDsX35NNKEFm6kA+NtVmmhNx6Ub2AAg5Z352uh/MmsHFQCP/VYbzfHe/rQsALh6uxbdxLAAfDFXI/1PJvxEBcA9D2qlQde8GBaAPtXTx8fTALD/F73+Ez4m8Lz3tXK4Dh/jogJg3hattKjq2M5wAPSJCdx3nPQA6HZN1crhuulZynmAr07SSpPueFx1ABZsUq653XVC2FXgl9tgMMQL98xAsM6YIV/tmOCiBCBMm7orA3FHLS5Xlysg/+/upHQhUs3/K0O5OZDqXNUBuPoF+ZtJm30u1VwQ4KAgZGpFz6VvEUoAyAeLQ3a8v9sDMWdVYdLvGvgK6SYFJkUSutQG4M6HZWucS6ioHmkyKmOxxTKj3/lO+7KNhBqA2DXX9/+2LbGW7Ih0qS5TWAeRzyUYK9UG4NHfSd6oOr7fa8QkozKcYLFYfq4EX7WklNADQMjtq3vWg13fWkusdjEN4lZCzSaj9CuhM75VG4A/PCBVWzqFBTDpsrXmWSwzs9PSWta/9XnfkKDwEUEp5188r72hoaLEulO6sB3pl0YnHlQbgGm7RDbBV8enm6yTLfvcwEaqvDEkTlgrTRb5RvsmqX4SSMoLorO9QxjwSmfmZwCAHqUJ8ZBRuoSH71YfgPtWRTbga/hv+Do1r59Z2xoWKwRIRlbXpPvEMvUBiP38FBpb24XY+C7CgJjdG5jKg5BHFSJ98zNEfQDIuG9yBzfRK4TC1xOWxPzmUH0exSaJV64kLABACp89c8CTWh02lfbHDQ8Afr4aEVzCgOht1yMPutgAgJBLVo/nB7zi2+GGOwCC+lej9Xx2y4EBT1INAEKypk2N8Xv7SjfRhDScHyBQZy6jdvf3oS6eVARAYxqhKWIAAAAAAAAAAAAAAAAAAAAAAAAAAAAAAAAAAAAAAAAAAEAjACSnp6Wl+e/9U8U6WpQDQJ+bO8rQW15hs0I7AJBDgTLJJmNWsOMHTWrVUGEL6qh8ABiM5gKzX/mDGtEVxOBIYC28GQCIViK/BGqMJGVHe4CCPSW1UgIQU1Rc6O/4iAL8m+xctGu4fSQAIPSADyhTxJv8ZLV+XeaRAIC0YkvxnJToDfEc5kIkbM0AgG7Am/OlytHTtt1qtdZHD0DM5GKL5Tip9vU08cEyhz0AIMSAN5tMGbIclQNW6+cHIwdAP/8ky+wUOQwSXIK9aYQDkMj3e77sSbl86x/YHRkA+kvvnSC7x262SewStAFAYMAHssHLNOAHQeC9le0RADD79YkKGuep4hLFinYJbAOQZAx2uwIDPqQ+uMBLDcCx1ixVbGy2cyRE6xKYBEA3jut3RQd8KD19Ky0AGdZCdU31uwQOhSYNA5DEX8rlM5N28+cscWEAeOUKVkxuFuYS3JoBIEa4hs8grKnXRpohATDUprBmetAlBEhoYhaAhPH8NXwcYVWN2XRZws7fwGwTeJfgl48pAFIXLz07gTCvYZQp9PD6d7/wMAPAtWviiRa08GMqANg5BRhSPy3+gQ0AYh7VSGpVUryNCoAnb9NGcxqXfs4EABoZMH4dd4AKgHvv10h7us/9lAEAZpZqpf9bc1qpALjoLa20qGyaT30APj5bK4dr9f/QXQbqfyjUSpOWvak6AAo7gNaGBmdDQ/BX31Sx4aM1WgqclBNBK18NY0WHrcLW7ApEormCd1evVLGKXg3tmaI6AL96WYF2uvkF1JrGIRKOGIxmcyBia7B4rXv/SCgB0O+aMgh+wVSxFbahoo1GpfPZXZRYTvDFedQG4LePydi+Bn7Wo8obwYv0udOLLbMHJOW8r/epXZjFoIwNA2ogVFlLrPsiSnQ0ik8ZbJTTJ4yrURuA1XfJcHYrVMhqjfot9McXWyy9vspdV79O6AEghleW9XrtzhKr1RG1KTq+kpo5S4aUwVPLhhMAtFnBaZXhh2BmYF7/m7fe7FtlK2xAiO6US5Zm+11spb/vv5Uos12C4BIkzCI+fbfaAJz6b9GNCJTEC6x9OtrkcJIJaemtA2qs0cQE6ie3NzTKEr4nXXHFqnyf2gDoa6Je9ouoKKa0YmNnULxRbHnV569Xfx7gxUhrxgllce0dRDUxtjUs6izi87eoD0DGjgI6Y8UVxh7WAAiKNIt4Pweg0lrAjK+GvM7ptKuYFVxjAPQojQubNeUM6RKsp7lYAIAsej4vxBQFE1nBtQqAoFjBJYwO8cdNvzpCmACAJN97W08cULtQBqCLMCzNbQ8fIxQW6Mki7rj93QHPUi8kLPMELlWs3X6UaEGazQ8QG0wZPO7ozp27Q4wwJIgY9gAMLQAAAAAAAAAAAAAAAAAAAAAAAAAAAAAAAAAAAAAAAAAAGD4AjA4E4PdLFetSFgBDgiE+3tBz41LFdgIA2aTPNRmz+N0XIbPFuhwVtkDMPl16nagBSC0wFwR+0kP9sUPIGHxEpVK5wxAAoZhybizlC9yVwc0be2ukBSCmqDDY8am0hrc5uHxPlS4AEIWiLKfeS+XWEuvubkkASC8ujj5lpE+onn0UAFBoYNyDGHV846egWgwAMZMtFstESTZ0dNjlj5TRLABxeUNEPomUrcRq3eWKAoD0YotltvQG+XqCYwEASef7PSeGyCrn42taIgRg8h8uktmoTiE8vnPEARAvhDomKXZ6VP/IY74IAMh/cqlOMdvq+BRw4uPlWQcgU9j/oNzB/Vn/ew89AClfTVHBQmHHjKN9mAFgyOeyghsTiZq69gVaAGI/mq+qpVHvmWMMAOn2QEoi96xdlAA89D9MGBzcNRtUm6YAkGMXtCR68jd0AOgqcxmz3MmDUO1lGADdWH7AjyWMymH2UQFwylZWW9At1BppYQ2AKUuXTDIQ1nWSlQqANTcz35JG67vvH2UHgLl/m0i0oMUfUgHw9xVaaIxn45WNjACw7BWDJvqfzP2KCoCnb9FGc/YutDEBwO2P67RxwMjkvVQA3H+vRtpz5IwfGADAdDBeI8fLne2kAuDqFzTSILLpbAYA0EJ2fU4vX0V3GZhYkaWVJv3yC9UBmLBPr3Cj2/iwm36pYsOmY3Qfd4hyIuj3j4R7L19N6FSxoxU+Fv85TXUALntdkZZ2BSfFagJ9HzrERpfNxWqZB51vfvEaQglAUvlgLsBbHUwVWzHYCl5sgILg2rYypXM8caqnibv1KVlbWMfPfNRQT4tnFRRML549MMvS+8s7aAEgU/5pGvD3n0qs+yoc1AFeMTn8vFi6rMcns15tAB74gxztEtbKHVGmktNPsRRb+kxOrLmt9zRquOXgnI0n9v7SKbVaS6LNdZQslM+TxSVM2qc2AE/cLmFzpI2WyQjE8gW/lTs/fn19nz+FDQhJ+vUlluDV7UF/35dJkS80RiigKalLmF2qNgCS1FjrcNhkipeLOS47Lb31o/5z5zQhYcbT2xsabNKHdyfxpZOlcAnNWS61ARhVH/2in3qp5FjYGRQjFNEW4RLeXKb+PMD6JRGb3S4EyLqISmJqa1iwyK45KpfAQMkYMrGUNmTeK4TI1xO1xeTeQL7qrpneJWw526M+AGTJe2HWAlr5fq/sJqyI7c2hfN3tsGV4K2b2G0oqrQb+dnVIQ71VfMc3EOakjd3BYQpx287fTZgAgEx69rRe/2vhut122E2Ylca2hycJcwm91t26n3hgQPSwehFBC+YIqWLt9kbCvjSaH0DHzyVk1O7evenAwL8jQcQwByCcAAAAAAAAAAAAAAAAAAAAAAAAAAAAAAAAAAAAAAAAAABgWAGQnManinWpCkCMgZPX6WwBAPIqyZiVlpaext3TehagfS4uV3Crw1Zhs9nb5QZAl2MOKHdUsON75S91B3er8KliVVoJHY4AcGviZtrIuTobpwapAYg1BjvebKLaCekRYiEaAUC0Az76QLmAqq1W6zedEgGQW2yxnJgQlR0tXLizXRmXMAwAkCJUVpDrWz8FDnEAxE+3WCwm8bZ4qrnc0fK6BA0DkMTXS5d8/8xh69fWna6oAMj19/2MBIntabFzJMjiErQHgDzbZfqr68tHNkcKQNLNN5jltMnvEjgUGkckAPJumAsh66rNkQCQcPPvlcoR0MInipXCJTAPgEJbZkPqsrX0AMS8d77i9vFB1DYxLoFZAPgBb86LI6rJNX8rNQCqJoprEbZRuDUPAD/gzaY0woCc0x2UAFzHxKxwFPsqWAEgmb+GV3PAh9AfHqQEYO8kpuymdwkqAxAY8MGT+jTCpMqm0gEwpYxN+73VtjAuQT0A4s5YUsTagB+ooh+oAJAn6YmEarXbre/uYQiA3NXnjSEa0JL3qQBYt0wLjdn/yqNeRgCYvjGfaEKnbqUC4NkbtNGc9Ze1MwHAwjeTtXHAyNQyKgBYqRcRVqWL6hgAILU8TSPHi+RVUQFw25NaadDLVzEAAPOnTD3aMp/uKiDnUIJGWuSZdFB1ADLKRyvebl9TIOzGYzAk+G/cD02+2pO/ppwHoMkX72kfkCpWhZpY/1ihOgDL1inU1gYhVazT2TiwdE4aF69jHmIJp3dq7aEByD00eAGEDjsXchSiSrkhjUsYnGcyGRXyIV0JqgNw05/lbWK3UDmrlerpowIUTC8Osdi075wKWgDIRa8N7EDfXus+f8dTprDsKaAkcy2F1Ga1AVh1nzwtqxdq53mjefVEi6V4Sp+vhX9d2EioASDF7/cpfdW0zWotaYrGEANfQs0kUwm1wh/VBuCpWyVtkEsoqNsu+q2SZ1uKizO5fx/6+4N9UpSFDQgpWHVBKjfwD3xtte71irYmkw95kriIYvE2tQFY+aokDYk8KzjlCJkZSBX77o5+D1OEhBkWzm9vaKgocUprULzgEiQ5ZXRltqgNQHqtmIIRQrlcewdRVAzsDMoQCimLKVL+yTnqzwP867QoDO/JCu4jqoihrWFxQin1aOZTr39efQDO+JTeBXQIZQA6VZ5BYXFvYBoPQi69S9g/q0V9AMhdq8NO3KiWFVxLAAiKzePjacLOsLXMYaFsHNG9cfEgBgpZwSu7CGPSxO7gMYJLGMTFupatJywAQMjyx/qU2/Yd4cJbGcgKrmkABOnzeBJS+zy85eb9hBEASPKNc6Ydo2sTBryLsC5t5gdI4UHIi+3cs/vD9QOfoGpMYJKulWhG2k4QEZPaEjo+FBlCRgYAgwoAAAAAAAAAAAAAAAAAAAAAAAAAAAAAAAAAAAAAAAAAADQPQDwfdx+8p/O5ggW12itsFXVKAGAwmwsKchMM8fGGnptXSBIb/N3kBQASKpZfDTWmhn1qu60icKsIG1oaDQCJgY43F5jHhY3r9dby+Z6OAgAREkKkciKPOu2y7bVad3RIBkCuxVJcODbyJnTwC+SOLgBArTg+Isoods+he3eJ1XpILADxJ1gsFqNIU3w9QbAAYFClCwM+Rsp3rS2xlpS2RQlAnn/gn2iQ0pxOISq2AwAII0yIik6SbVx4vvvsyaqIATjt+pOM8o1VeTbCaAmATGFfhMy7J/mR99eHqyMCYN6qUxT51u6qlGwrnDYAEDZLGpXeTN92emkEADx8p9JXcPV8CrgjvuEJQJZZme3SQ5wNFJdTA3DNX1Wby3EJLqFtWACQIGyFZCDpyv45TZQAnPlxrPrmOnkQqr0aBEDXkx+BMKSbn6EE4Iu5DFndfZgnoUUDAIzi+91oIAxq66l0AOTbdSya38iDUOVhEYCc84r8HZ9JWJY3v5oKgNufYLoZ7kAWceunnQwBYLhx6Uk6wr4u2EAFwBuXaKAtrf985RNWAMjccDLRhOZ9TgXA89dqozmrHmADgMKPJmjjgJEZ31IBoPwkQJR6+Vo3AwDE/XCsRo4XGV9BBcCdD2ulQQ+sYgCA6zQTSfPddB8VAEVlMRppUcsxR1UHIOHHPDWa7mtucBsMhnhDBH219D3KeYA3L6a/ShdSxaaqchb8+B2qA3DBe0o11lNlr2nwyxn41ShcDMf6IfCDkBkI1inIH2oGb9cMHyUAU74bqjedwagjW3MwTXDPW+rHcJFqwVSxGUodk+ZU1QGQ/xugWSi26gn7VH1ekINpoTqgcaGVUAJA7lsVahph775AuJmNYkYuycilhcyPl/vgJLWrDcA9D8o24Pn1sShStBZaLJa+mWJJ+cJ9hBoA8uu/9PUlzpIS6/bmiO3QCaWwZXMJP5/XqgXAE7dLPeCFgusece+TPMtiETLFEvfHV/eJxgobDzD//4TScZ7vS6wlB0TGbSTyib8kdwmzS9UGQKryGh5hzaNJyuMzwRJIFdvy9jv9AsYpIoKOv3heMFXsdikz3wRcQhAFiVyCL69abQAKysU1ockuzYCPTKpvDEnki+mKdAnbitWfBwjxofQD3mZvJmqImZ1BvEuIdh3t7ofVB+DqFyIf8Lah1jRHFAD9XYLJGIlLaJjmUB8A8urK8JYGlzADZ3fNhAmxuzdQl22mdgneRf0WBNUBYNRXJww14G1hghgAwCAuwWgO5xLu7r9oodJycPKq22IHDHjuYq6ZsCkN7Q7WZfNzCf1dQuWtAyZhVYsImvLAnGC24CZb2KglABC9S+DnEgLxdp79H/5x4PWpmjGBmVNjjjA74IcFAL1cQkbtnpAVF5AgYiQAMIQAAAAAAAAAAAAAAAAAAAAAAAAAAAAAAAAAAAAAAAAAAAAAAAAAAAAAAAAAAAAAAAAAAAAAAAAAAAAAAAAAAAAAAAAAAAAAAAAAAAAAAAAAAAAAAAAAAAAAAAAAAAAAAAAAAAAAAAAAAAAAAAAAAAAAAAAAAAAAAAAAAAAAAAAAAAAAAAAAAAAAAAAAAAAAAORUcnZ29lj/PdXAi7T+rLbWlsof2xQAwJCT61dGoiCvq9vlV7ero662tibw0wYAJFUwUb5fuYlhn1p9MKAfO+QAQGeaXPQLY25O+Ipv7VVc2QRHOwAQoegLavkOH/zx4MG9B6QCQDe+qGhy0aSkiJtwlK+Jd8QHAOiVZORqK4quslm7devWMq9IABJmnXzySekiLXFVciV0HG0AYFDFCANe0jq7jV/+Z+tOd5QAjD355JNnSFrstV5wCV4A0HNmx/d7fpxc46Lt661bt3VFCEDc3EULJ8k2VLsreRJaRywAMTl8x6cTJdRV8s7bNdQAjD1n0YJURexy8iBUe0cKAKP5fs+LIwrL8/kb7zVSADB98aJZMUob1y3Uzm4ZpgDoc7jid6Yxak6UdH2ybmP7kADkr1hZpOpcTiNfW7faMzwASBEGfCxhQ60frNvUPQgAyUsvPz2GETvdgkto1iQA+jy+41MJe3K+u27SMwMevenHyy9MZNDaJh6Ewx4tAJDKXcKbcvWEaXXH0TzElDxVfB3mJgYBiBUGfAqB5Faz4BLc6gOQxvd7jh79orxLqOZJaFAcgDhuwJuNo9ENDKhFcAndygDQWZ8Tg6POoLzVGQlKAABpSQAAAAxLALp8ARH/XZ+sohmtHp1OR3QBGQCA3Oq0Vx2t42+9Fvdix6SnBW+ZxxRmKWBG7cFDRxucwVtDr8mZhMzMLP/N/5NrSgAAEspXy53k2urCPze1sHBCYWFhhiyG1AfjzQ5SzM1mceseprE6ABC9Ohw2LrKuK+KXZs62WOZI+dXQst1q3VYf8csMRv56eRQAoB/wNfxlbZ2499FPsVgshRIYtL/Eav1e5HJ9Fj9jlq0DAIOp3RFcBrVXdkn4ppmnnLsoW8Trj3z44RdOCe0x5AeXSkzGRAAgDPgj/IA/KtMH6GYvPndaVK/ctXHjDrnCeTN5lzBOxzgA8V1yDXi+3x0uBYaB6dzFp0d2mdb1+cYPHQpYFs/veTDJ5RIMLnEAEJtJ6gHPndrVE2WVdMFVp9GONt+/X1qv9O6eDO50UWqXYDcTkQC8dZEkhrTxA77SRVTT+CuvoKHZ/urL5eoZGZ/Pu4QkSd7u7YvFAnDHn8R8vvcIF+FmdxIWFHPmVUuG/iro2vDSFi8TtqZzp4umcaJW3n73mFgAZm2P5nNbhQHfTRhT2oprpg76x+9eWNvAmsFxgkuIal5jdqlYAMiamyMY8EKMgpMwrHPuPiXk41+s/phls9OF6JsIXMKfbyGiATCUTKcZ8DYuJIFoQnPvXjjgsY9Wf6kN47lwHDONS9hV3CUeADJx25jBBnzVgKAkrWja3Rf1Hkjet1fv1lwbhIC83MFcQuOcfhukowOAZN1/bd+Yvxb+zC5EWKJ2NOHOlcK+T9drj/yo4ZYEQnKD54v9IvTe+E01kQQAQorunzJuTDAwOahGMiyUs/KyyTri2/P316qHR4PGCC5BT7w/lT23ZcATogYgoIS0OjcZborPI4ddw65VsTnJtpDJSUQBAGlfAAAAAAAAAAAAAAAAAAAAAAAAAAAAAAAAAAAAAAAAAAAAAAAAAAAAAAAAAAAAAAEACABAAAACANAIA6BjO47UMNXsUTQAQCNJAAAAQAAAAgAQAIAAAAQAoJEFgBvlfkayPLqyKTgKI1jf617+FY7CCNYruhufwVEYwbpJd8yeBByGEavOyTryu0dxHEasfv8nHdF/WYwDMUJVMtejI2T8OzNwKEakdv5XOQkkJ4+95544HI0Rp+6HHnITwmWnP/7CmbOycUhGkGpKd7xXFvjHz+UJMuAFRtDo76nXocPBGNkCAAAAAgAQAIAAAAQAIAAAAQAIAEAAAAIAEACAAAAEACAAAAEACABAAAACABAAgAAABAAgAAABAAgAQAAAAgAQAIAAAAQAIAAAAQAIAEAAAAIAEACAAAAEACAAAAEACABAAAACABAAgAAABAAgAAABAAgAQAAAAgAQAIAAAAQAIAAAAQAIAEAAAAIAEACAAAAEACAAAAEACABAAAACAFDU+n8mZ4MKok+vtQAAAABJRU5ErkJggg==
66	asdfasdf2	$2a$10$gNxHtt4VvkoCbA.W5UL9jOAAiVo7RWaORhL3cUc4mCaTWLz1JhuwS	asdfasdf2@asdf.com	data:image/svg+xml;base64,PD94bWwgdmVyc2lvbj0iMS4wIiBlbmNvZGluZz0iaXNvLTg4NTktMSI/Pg0KPCEtLSBHZW5lcmF0b3I6IEFkb2JlIElsbHVzdHJhdG9yIDE2LjAuMCwgU1ZHIEV4cG9ydCBQbHVnLUluIC4gU1ZHIFZlcnNpb246IDYuMDAgQnVpbGQgMCkgIC0tPg0KPCFET0NUWVBFIHN2ZyBQVUJMSUMgIi0vL1czQy8vRFREIFNWRyAxLjEvL0VOIiAiaHR0cDovL3d3dy53My5vcmcvR3JhcGhpY3MvU1ZHLzEuMS9EVEQvc3ZnMTEuZHRkIj4NCjxzdmcgdmVyc2lvbj0iMS4xIiBpZD0iQ2FwYV8xIiB4bWxucz0iaHR0cDovL3d3dy53My5vcmcvMjAwMC9zdmciIHhtbG5zOnhsaW5rPSJodHRwOi8vd3d3LnczLm9yZy8xOTk5L3hsaW5rIiB4PSIwcHgiIHk9IjBweCINCgkgd2lkdGg9IjU3NS42MTZweCIgaGVpZ2h0PSI1NzUuNjE2cHgiIHZpZXdCb3g9IjAgMCA1NzUuNjE2IDU3NS42MTYiIHN0eWxlPSJlbmFibGUtYmFja2dyb3VuZDpuZXcgMCAwIDU3NS42MTYgNTc1LjYxNjsiDQoJIHhtbDpzcGFjZT0icHJlc2VydmUiPg0KPGc+DQoJPGc+DQoJCTxwYXRoIGQ9Ik00MjkuMjQ4LDE0MS40MzlDNDI5LjI0OCw2My4zMywzNjUuOTg1LDAsMjg3LjgwOCwwYy03OC4xMDksMC0xNDEuNDM5LDYzLjMzLTE0MS40MzksMTQxLjQzOQ0KCQkJYzAsNzguMTEsNjMuMzMsMTQxLjQzOSwxNDEuNDM5LDE0MS40MzlDMzY1Ljk4OCwyODIuODc4LDQyOS4yNDgsMjE5LjU0OSw0MjkuMjQ4LDE0MS40Mzl6IE0xODEuNzI3LDE0NC40OTkNCgkJCWMwLDAtNC4wNzktNDAuMTIsMjQuODItNzAuNzJjMjAuMzQsMjAuMzg5LDgxLjI2MSw3MC43MiwxODcuMzQyLDcwLjcyYzAsNTguNDk4LTQ3LjU4NiwxMDYuMDgxLTEwNi4wODEsMTA2LjA4MQ0KCQkJUzE4MS43MjcsMjAyLjk5NCwxODEuNzI3LDE0NC40OTl6Ii8+DQoJCTxwYXRoIGQ9Ik00NS4wNDksMzkxLjY4djYyLjU1OXY4MC45MTljMCwyMi4zNjUsMTguMTM2LDQwLjQ1OSw0MC40NTksNDAuNDU5aDQwNC42YzIyLjM2NSwwLDQwLjQ1OS0xOC4wOTcsNDAuNDU5LTQwLjQ1OXYtODAuOTE5DQoJCQlWMzkxLjY4YzAtNDQuNjg4LTM2LjE5My04MC45MTktODAuOTE5LTgwLjkxOUgzNzcuOTFjLTUuMDcsMC0xMS40NiwzLjQyMi0xNC4yNzEsNy42MzlsLTcwLjczNSw5OS45ODINCgkJCWMtMi44MTIsNC4yMi03LjM3Miw0LjIyLTEwLjE4NCwwbC03MC43MzgtOTkuOTg2Yy0yLjgxMi00LjIyLTkuMjAyLTcuNjM4LTE0LjI3Mi03LjYzOGgtNzEuNzQyDQoJCQlDODEuMzE5LDMxMC43NTgsNDUuMDQ5LDM0Ni45OTEsNDUuMDQ5LDM5MS42OHoiLz4NCgk8L2c+DQo8L2c+DQo8Zz4NCjwvZz4NCjxnPg0KPC9nPg0KPGc+DQo8L2c+DQo8Zz4NCjwvZz4NCjxnPg0KPC9nPg0KPGc+DQo8L2c+DQo8Zz4NCjwvZz4NCjxnPg0KPC9nPg0KPGc+DQo8L2c+DQo8Zz4NCjwvZz4NCjxnPg0KPC9nPg0KPGc+DQo8L2c+DQo8Zz4NCjwvZz4NCjxnPg0KPC9nPg0KPGc+DQo8L2c+DQo8L3N2Zz4NCg==
67	user1	$2a$10$BWM.8RSWwhqLJMzpbhAc8OX930eOeFFMM4ruEqjQ0PuPLQJMae/QS	email@email.com	data:image/svg+xml;base64,PD94bWwgdmVyc2lvbj0iMS4wIiBlbmNvZGluZz0iaXNvLTg4NTktMSI/Pg0KPCEtLSBHZW5lcmF0b3I6IEFkb2JlIElsbHVzdHJhdG9yIDE2LjAuMCwgU1ZHIEV4cG9ydCBQbHVnLUluIC4gU1ZHIFZlcnNpb246IDYuMDAgQnVpbGQgMCkgIC0tPg0KPCFET0NUWVBFIHN2ZyBQVUJMSUMgIi0vL1czQy8vRFREIFNWRyAxLjEvL0VOIiAiaHR0cDovL3d3dy53My5vcmcvR3JhcGhpY3MvU1ZHLzEuMS9EVEQvc3ZnMTEuZHRkIj4NCjxzdmcgdmVyc2lvbj0iMS4xIiBpZD0iQ2FwYV8xIiB4bWxucz0iaHR0cDovL3d3dy53My5vcmcvMjAwMC9zdmciIHhtbG5zOnhsaW5rPSJodHRwOi8vd3d3LnczLm9yZy8xOTk5L3hsaW5rIiB4PSIwcHgiIHk9IjBweCINCgkgd2lkdGg9IjU3NS42MTZweCIgaGVpZ2h0PSI1NzUuNjE2cHgiIHZpZXdCb3g9IjAgMCA1NzUuNjE2IDU3NS42MTYiIHN0eWxlPSJlbmFibGUtYmFja2dyb3VuZDpuZXcgMCAwIDU3NS42MTYgNTc1LjYxNjsiDQoJIHhtbDpzcGFjZT0icHJlc2VydmUiPg0KPGc+DQoJPGc+DQoJCTxwYXRoIGQ9Ik00MjkuMjQ4LDE0MS40MzlDNDI5LjI0OCw2My4zMywzNjUuOTg1LDAsMjg3LjgwOCwwYy03OC4xMDksMC0xNDEuNDM5LDYzLjMzLTE0MS40MzksMTQxLjQzOQ0KCQkJYzAsNzguMTEsNjMuMzMsMTQxLjQzOSwxNDEuNDM5LDE0MS40MzlDMzY1Ljk4OCwyODIuODc4LDQyOS4yNDgsMjE5LjU0OSw0MjkuMjQ4LDE0MS40Mzl6IE0xODEuNzI3LDE0NC40OTkNCgkJCWMwLDAtNC4wNzktNDAuMTIsMjQuODItNzAuNzJjMjAuMzQsMjAuMzg5LDgxLjI2MSw3MC43MiwxODcuMzQyLDcwLjcyYzAsNTguNDk4LTQ3LjU4NiwxMDYuMDgxLTEwNi4wODEsMTA2LjA4MQ0KCQkJUzE4MS43MjcsMjAyLjk5NCwxODEuNzI3LDE0NC40OTl6Ii8+DQoJCTxwYXRoIGQ9Ik00NS4wNDksMzkxLjY4djYyLjU1OXY4MC45MTljMCwyMi4zNjUsMTguMTM2LDQwLjQ1OSw0MC40NTksNDAuNDU5aDQwNC42YzIyLjM2NSwwLDQwLjQ1OS0xOC4wOTcsNDAuNDU5LTQwLjQ1OXYtODAuOTE5DQoJCQlWMzkxLjY4YzAtNDQuNjg4LTM2LjE5My04MC45MTktODAuOTE5LTgwLjkxOUgzNzcuOTFjLTUuMDcsMC0xMS40NiwzLjQyMi0xNC4yNzEsNy42MzlsLTcwLjczNSw5OS45ODINCgkJCWMtMi44MTIsNC4yMi03LjM3Miw0LjIyLTEwLjE4NCwwbC03MC43MzgtOTkuOTg2Yy0yLjgxMi00LjIyLTkuMjAyLTcuNjM4LTE0LjI3Mi03LjYzOGgtNzEuNzQyDQoJCQlDODEuMzE5LDMxMC43NTgsNDUuMDQ5LDM0Ni45OTEsNDUuMDQ5LDM5MS42OHoiLz4NCgk8L2c+DQo8L2c+DQo8Zz4NCjwvZz4NCjxnPg0KPC9nPg0KPGc+DQo8L2c+DQo8Zz4NCjwvZz4NCjxnPg0KPC9nPg0KPGc+DQo8L2c+DQo8Zz4NCjwvZz4NCjxnPg0KPC9nPg0KPGc+DQo8L2c+DQo8Zz4NCjwvZz4NCjxnPg0KPC9nPg0KPGc+DQo8L2c+DQo8Zz4NCjwvZz4NCjxnPg0KPC9nPg0KPGc+DQo8L2c+DQo8L3N2Zz4NCg==
73	tohhongxiang2	$2a$10$pOy7vHtd1jWiyhJQUZaNtuoqXFU4zs9dZfPWHq2OK3fkTU8nXMQ1G	tohhongxiang2@gmail.com	data:image/svg+xml;base64,PD94bWwgdmVyc2lvbj0iMS4wIiBlbmNvZGluZz0iaXNvLTg4NTktMSI/Pg0KPCEtLSBHZW5lcmF0b3I6IEFkb2JlIElsbHVzdHJhdG9yIDE2LjAuMCwgU1ZHIEV4cG9ydCBQbHVnLUluIC4gU1ZHIFZlcnNpb246IDYuMDAgQnVpbGQgMCkgIC0tPg0KPCFET0NUWVBFIHN2ZyBQVUJMSUMgIi0vL1czQy8vRFREIFNWRyAxLjEvL0VOIiAiaHR0cDovL3d3dy53My5vcmcvR3JhcGhpY3MvU1ZHLzEuMS9EVEQvc3ZnMTEuZHRkIj4NCjxzdmcgdmVyc2lvbj0iMS4xIiBpZD0iQ2FwYV8xIiB4bWxucz0iaHR0cDovL3d3dy53My5vcmcvMjAwMC9zdmciIHhtbG5zOnhsaW5rPSJodHRwOi8vd3d3LnczLm9yZy8xOTk5L3hsaW5rIiB4PSIwcHgiIHk9IjBweCINCgkgd2lkdGg9IjU3NS42MTZweCIgaGVpZ2h0PSI1NzUuNjE2cHgiIHZpZXdCb3g9IjAgMCA1NzUuNjE2IDU3NS42MTYiIHN0eWxlPSJlbmFibGUtYmFja2dyb3VuZDpuZXcgMCAwIDU3NS42MTYgNTc1LjYxNjsiDQoJIHhtbDpzcGFjZT0icHJlc2VydmUiPg0KPGc+DQoJPGc+DQoJCTxwYXRoIGQ9Ik00MjkuMjQ4LDE0MS40MzlDNDI5LjI0OCw2My4zMywzNjUuOTg1LDAsMjg3LjgwOCwwYy03OC4xMDksMC0xNDEuNDM5LDYzLjMzLTE0MS40MzksMTQxLjQzOQ0KCQkJYzAsNzguMTEsNjMuMzMsMTQxLjQzOSwxNDEuNDM5LDE0MS40MzlDMzY1Ljk4OCwyODIuODc4LDQyOS4yNDgsMjE5LjU0OSw0MjkuMjQ4LDE0MS40Mzl6IE0xODEuNzI3LDE0NC40OTkNCgkJCWMwLDAtNC4wNzktNDAuMTIsMjQuODItNzAuNzJjMjAuMzQsMjAuMzg5LDgxLjI2MSw3MC43MiwxODcuMzQyLDcwLjcyYzAsNTguNDk4LTQ3LjU4NiwxMDYuMDgxLTEwNi4wODEsMTA2LjA4MQ0KCQkJUzE4MS43MjcsMjAyLjk5NCwxODEuNzI3LDE0NC40OTl6Ii8+DQoJCTxwYXRoIGQ9Ik00NS4wNDksMzkxLjY4djYyLjU1OXY4MC45MTljMCwyMi4zNjUsMTguMTM2LDQwLjQ1OSw0MC40NTksNDAuNDU5aDQwNC42YzIyLjM2NSwwLDQwLjQ1OS0xOC4wOTcsNDAuNDU5LTQwLjQ1OXYtODAuOTE5DQoJCQlWMzkxLjY4YzAtNDQuNjg4LTM2LjE5My04MC45MTktODAuOTE5LTgwLjkxOUgzNzcuOTFjLTUuMDcsMC0xMS40NiwzLjQyMi0xNC4yNzEsNy42MzlsLTcwLjczNSw5OS45ODINCgkJCWMtMi44MTIsNC4yMi03LjM3Miw0LjIyLTEwLjE4NCwwbC03MC43MzgtOTkuOTg2Yy0yLjgxMi00LjIyLTkuMjAyLTcuNjM4LTE0LjI3Mi03LjYzOGgtNzEuNzQyDQoJCQlDODEuMzE5LDMxMC43NTgsNDUuMDQ5LDM0Ni45OTEsNDUuMDQ5LDM5MS42OHoiLz4NCgk8L2c+DQo8L2c+DQo8Zz4NCjwvZz4NCjxnPg0KPC9nPg0KPGc+DQo8L2c+DQo8Zz4NCjwvZz4NCjxnPg0KPC9nPg0KPGc+DQo8L2c+DQo8Zz4NCjwvZz4NCjxnPg0KPC9nPg0KPGc+DQo8L2c+DQo8Zz4NCjwvZz4NCjxnPg0KPC9nPg0KPGc+DQo8L2c+DQo8Zz4NCjwvZz4NCjxnPg0KPC9nPg0KPGc+DQo8L2c+DQo8L3N2Zz4NCg==
69	tohhongxiang	$2a$10$kMV3BLAzg/OdX2BU.fX5mO.O6FKa81wM0c/mBcHd3vqRGVrhFvOGq	tohhongxiang@gmail.com	data:image/png;base64,iVBORw0KGgoAAAANSUhEUgAAAMAAAADACAMAAABlApw1AAAAh1BMVEUAAABk2vth2vxh2/xh2vxh2/xh2vth2/xh2vth2vxh2/xh2vxh2vxh2/xh2vxh2vxh2vth2vth2vth2vxg2vth2vth2/th2vxh2vxh2vxh2vxh2vtg2vth2vth2/xh2vxh2/xh2vth2/xh2vth2vth2/th2vth2vtm6P9h3P5j3/9l4/9o6/9I1caUAAAAJ3RSTlMACPsj9g8s4NjrX5OArPGcRcDQTBwXbj9Y5bM0UWe5eXTKOqTFh4yMjSHNAAAT5ElEQVR42uxb6XKbMBAuAhtsLhs7PvAVx2nQwfs/Xy0s8SmVscgUt/2RzUwnAaTV3qvd7Y9v+IZv+IZv+IZv+IZv+Cp4LfzpRj/kHrefvwcmrj9C7Vl/PhWAxdtNTx9xnBwWvufA7Dj8craK0+MxzU+LlyeTALzrPKzoDXgQ5Zvll2jAPt5b8p5xqkBM0sUTKQDa3ZHXvCI3qJio6STdjIC6L/fHScRryiqit+JUzHfPogCIT4xWpAIQQjil4U9fvu5//FlJqLgurgwgFWWvzxECMOc1U0gBDfeCfAzcruMv3gVlOD12YnX8XDW61BqrjbrKfTdy+cFsLmjVtU8dD08AcCc4P2ngMwnBT4ctyJfjlJvH1zYACg5DUwDkMw51FdJxSGM2SaDbKSi4H7YSoo4P7Wug1UxWjQemAMgjobHULDzP59GE1590mXB6hB7d056osSGwoRZZUeZ5WhDK1EM6x5JhCXilRB2TxbuRfLRcvx4D6U3AURqsNAU2B2IujE855VG8WN7e+h+Mq3d0M6QIgH4U3jAQns2MF/7qzKUCQI+OSxzAZP9bVBukcprla88IyrNA7U/PWDYkAQdKlJKumwwMidAsNYMDodlGvrEjiDCOX2+TpZlJeYaJidlTrOCdKgadPm3fkLJLOSUEzG29OeRX1oywVkqTpHVY+OZDY7jg1XACGCvkIvLuxab1nPKWgqo++/IpPngLqSEiFiNzM4nc3mTAJ/L10AScNHuUn7ZImG6h4oRmUAPv+o4JAiOZ7+TD7jhDnmLG84YAIrnj3feRo1xACJzLtEa9+aBQn8ZNdWzhE3b7Jh+KAOz9MuG3vdMHbn4R1lAjmstn0kzLmhCwH4Gik0uiwDdDEbDmyklPza0tLb7Ao5L66EkTfylAlWAn+ZlLT1kAExrYiTJyP9BD2wMKQyiuxjjeGg/CN/mRm018NjgB8Y2N0gd5j70VGB7Qrb/LRNAqVTpSi52Kuhrcio837aRHx85X+i5tVCN0kgn9OxeJW7PPgjwpqY4UAa6d5etXzttTM/2bCPY/3GtThSYd7OCIMcQpW3ijoHX7UH9HloxgPGQ6BA+d8f4hxmstF+c/v/RauFJ+NISpDZVIsC+4B+U7AXXp9Vs3VeFyOxqYgJ3OFF2FDyRvHOfncd8L/0LcTGeyHJiAtagQBnqt2AsQwNZY5by1DhrJsDHFxv0WVMyQQNBXcGum8Iz/DQGwmYCb130x6bnu7b8g4Oq0JqYfbdzKVan/BwKIJMDtg0JKoEHNOhrBrwyjQsMbMZKJMw309Va0edFcvuppxDzzh3ajTLHmrcfGqY4BpE4u+D3/iht9GTqQEQQyZzqAM8cyCwx0NE6wdoBANnwqgZuDPv9F6pOsZuAy9G9SCSRzuNJ3a3F7+z3elka6osfYm2t1gmRuUFB1UahB5wmWE070fUxysXkkiA4HL47luSKgxMNBy1qoF3Q7IH3YUB0WUY3Jwu3j9aWBZlhI+9zIvLYDQjgc7tW38H79C9zIPgYlAK6F4E7cXcBugO/1d7BNGFF3Afk5d2IcAQ66o6igz/mKz1ATuAJjuwcb+NpbLwYnYM+Bv5t/gsCB4keuONatbcDFdwXi4bs0uJKJrkDgKTvp8IJe1BKH2l4vOQ9VWtzyG3rbj3pew2MYAJ+MvaU/lrDbyX/95dJbBwzqpaY8PLv6pEuLw8NZoOABr2lQsWivMGwSTSZZQIhUuYqQIMgmkyhrX1cLHB17oDaKAuyQIrjQ1g0B761RNj3FZREaVzAuOOcMwK8g8JpVYXHMk+l6+Rsdo9ARLgdo8XF5pVH9JX+2io9XztJby9UA1fjF3+oBKJRrWBYd49XM93SrZ1exZ/UHEIzoomnt7ZM0ygStqVDzGtVXQC1hzQZZlCb7hooNKsjDE7DMFHc+/ENeBKJhuvvgbkKkOGoRRJeVnysph8/o8XmFUOypqGZ7o89/BHK5FgatdIOmHL5BcwUdTBl7xHcCsJ86FipukPp1sOEtOIjltOB3Wcgq2zobEIIrEMZDbgnABv4+9RXqgZi/PJQZ5Q7G3bS3eC8v8c/TYbrZL2az2Xp9/Wex30wPr0mcp/NziG1YpwkJmpWH5R9SgObj/pJhmsQAeXRO65qjhVR6zsJDSY2GeE35XTIIozRLNyMnDW7mj3+GgvLfUGirEyQ85odDwCo0qG/ZWwNI5hpQ0pxwJYBgOs2PYePPQIU5CyK28dhBgmuucF9WVA8FAZho5hXT034sN89p3zETFB5Ut0dGw8UpLTLRBBR7kq06bjzQ8FXdORQCqmPAle/Jwvd0ok3VU2QwrjaSJri99PiLpNzew1RRGq0wVvGl459C+vuAop6WGKmPmh+ZvyAH7tszR/FEp1XLLSfIQ4BU0G2C0Yrex38NP2s+kXalldc35m0+tEag6tNfidTVt2mIv2n/RDVmWMPk1E8KaFeHlP9+epJeFOdqeWPFRQdVICeg9oCbl374U9864zSgepIN40UHCME9W/xOBTE1R1AyX/k/Rpkd6o+UoG7du84XMGJRfRYqEbqaxPSo52Lhcs8zRYGzCBdz8XkpL06+fKVPy7KlFr3MH3FT+2pujsQZ80h13jzxX8+8USXYgshfXCTI1/uwroxlvM7ytTbZ1W8zQ8qCu8st6qGNpVDreKgdQqL33utV63xSC4OEqp5snHOpXmwov9Sd8KSG01WNGjoErKpqbW+GX7oKMKT+qd6eBeaRNMbla0TFp0HBHJt1TWpg6opQWkw9HABzc1zqEO4Id0KAltBopE5jFUFrApcGZ4A7t2LatBCU4Eh1tHtUGFsE1CS32AC5PXeGUxCO1hlw+4f8Pdxuw/d82liQFQww4dfKEs4Y+2wKUylEZQ0H49sV58ZkWzi10EKH5mjb4BJu7jUrgyZ7bvLroIQHsaqNfC0pKOyKEKbxwjYhYITRzpmphFbGZFtyNweZt7dWuHNYMAg9yiSkBUZFCRnBjjUzmigGXbRzsgSqQSr6oQ5mjwxCe0pMtll8U17zx0xU1X2xH9oJb2AlED3aYcrvqOse3KpFgl8qPULt2nbNxugtkNkhSDNdS8Oe1v4wU0Aw5ef9eExEYUyMjjqTgwxCQNC5O9qAwcIHWQDdrT8pMUByU6sigJHWY1pZSL2YUYIo1kHBcl5XGiAocJYTbb0PRksQemnaCABqCy2rLfbf7Q140JvzXDiH/TxDsgSVIxinfsUPOH9HCR23easUDtdkA/n9Uz/Te+j8uvAe55iMof59tzVKOHsw2Qa2AdDOQqzroIDBWnQCirCDufKH5cGKE116MT8dtfdU5miNmBxGJLVzfRuQ6OBjhdfeq5sChR0BAwFWguhxKXlXOmR17ZDSdIElgpMWp6siBwYJ9P2Ra0XyqXOoEuoGnE1WZI3LdALDyBr650gTIB/HXKMqoHroTBkR1QXaZ9sxBSmNCZ1aDtkDvQu8tkZbCa3tsCXRpyyPux+uNoC5i4Dy3v95gF32GmixeFdSVw/Yzuigc5aT7QLgsEQAbXQAkijYE+Yg4n6TeZgHwkUYQy0PCMA8pe2IEIXdGmBOtIBtCJTusSpmCwDC6QZ4SlsEsO/+w7EvBgF9CzvI6EDyHxAAp9avr4RsBpdPr+8oje1q4DdM0twq1NEAj7+CHi1/dGfFr/bOdDttGIjCRZjF7EvYEpKwxpLs93++1ljwGYSRaUSXc5gfbRKwLVma0ejOndHOca2lqQyabddt4an2AJTnyRFMXuPeSAGjrzwySLYOsnaZ0WFhgikUFacvgxNmJlV8FzqIrWfpwNVzdIA9AS+Dt1EWl4SBhykraYcAYQ2vzFplisV2+BkA1lb3+OPNWXNIOE1ZhXiGvYlNwXZdfh2jNezonRNIKNx4y/oJDUnbhe4z7pZZLxR4UAzAfe70y+J0BVaXqZtaCe7hUuFr067IDhHRsDEOu3/F7W/Ic6OLZYQZySy6qcLaDBpuLctM2f1MQ7OlRKNupebEwra5KJ+hGwIB30qmaSw0r+0c9QyiqxLw1phumWasNQDHDeCc5CheBbAWCWtfYHJFvrRIWgf0gZeBHg+T4Hr7IY0Cj2b3GifAKoXt38da3IC2oJxHcl1QpQO1U8GkEurrm5raLrkSuhbJsGKvGUYzaqET2KrvSBBMXq994+P04oSMPit0wcL1DQq+stwwkhHRZKB97nhu+mSrGFokO1BIwVDyKs6HPodNjy7xZFYMs+akNh9o6wLACbMKOCdKkAxBKwkXG0PsBHd/zEaglQylTZtMBBZPdwnz5+0GPhkWVY8t+H+/SMH1I4FlQQ0AKKLoI/A63up5NZOYlpFUZ/egnfYTPJlqLxgrdjIEbEDU8pHmeb/ZU3Gses0t9YeQkSRQeTPAUW2DdRchnwy9iEW+2ku/bj7AjcDcGY2w9uPEh6pvs9kbVawuEVRc4Hz47aKOUjuQKh+gmd5EPk2QjO6K7iz9gPWOtGjmMeiEHePjR9shoYYE/P50DtHjzVbkmx9ZIbLC+id0QQ/fU9PGG2cGsQND+RDYFAUeIe6PWdWwQxmLtDXUUuWBr5gg5a04/UUFGikX/RmrGAsm6x+u8J2FfkRyALqwqgzJpr3IyCbM6Iajihg1gIKzK7NYfT1VPGZQfmHDUS7PgOSqyxDuIp3JnZGSOjp7j2JfKV0Eq7rVpgsUAhK76VwoFnwiO0Ss764UBRrKH/V0uo6S+Pz5Mu7iHZTpwub11AX4KnnLXbHoS+4dtb0Gv1LcBtxen7gqNH/oZHrYi9/HQYMQAXxw1Gr0+K5yHMO8BmOkstnIk7AjO2vylxuFrUjgiyAqeO0MXk5vbpWUJaywjUGDzRUvg89uT/EMBj5Rr4O7WXOsIiG0HSSdTeG6/76ZVHihJcFB4olCZjjUZPbeX4fpvOEJEJV6/Tea/1vEv51Cobj1wcNRvVG3M68uI8WGCr6lvSRkn9DfZXXe2a576qJeGkwfPVr9Pv2V1fCrGae+5VXeeSKlWgQK1MclJKqoYKGkTODAn7c+XX6YO9+szjnehrHUBVRvpRVxyH5n2hoP3urVSa1WOUmtNqnWN4Nla9XpB3xbqwI6uJKmAuV3288w1Jb9hSqiz0eIIXiLoNcLG41G85f8+i/s9QKhTNoGXy6i76uw2zIcYI/8dTAQF/v+EK5VhrduOOxKHbrquBSAy0frbY5Vtv5ouM4+RMHFPo5O3EzV3bcQmmp1m+KQPCO+2wvansTBaDvfHtlI1Qfm0CTpjqLe+vpoHHqRKaL4nZYb+r6UovG6P2QBjY87PO9ZTHjA4MuV+rLTHYWm7qWK7umEyjQ6FuFu2xnXK6dyGsoC4X2msxIMRcNqb8tV/2PUCHRM+44ai5znqsQqaIxe29NxvYadINzhOQsIQAX4kmcaqVXfOprlQElLFPG/uFOv1q7epmtFrH0Jkaktf7poQD85JYOON2neTOt9+kve31ut5Xg2y1AkbsGF1kaBmLcXARHC5bR7AbZDL/PSzoc2LTNJsIs9q0/B7cdAXPczgUvJocmc7jxhxUVGki3/lf7I6HYT6mgBNswRiwRtYZz9CESj4tlpR3qUMpMADgXJ6i4ujf+yDHCrHFUNIA8SbTPFPVS+WgaCkKHgtXAw79Z9Z7C7fEGhCmkegrI7jsoeTe9WtFsqWdzkNFNQCPsKjF2aB+FVhpQqdAWiTzh4N/0dwAcM2EHIs0bKU61FJ7MT/JFQaOqDRG5KEziZ8FpYAvNQhhRFnARqZGa+SDoo6zJuHlVfaF4CHqYkUjIdH+tdotW3VSgT6bViKmWDADPdpsi4pToqwWKwU0SW/ktUsRtwNwPunzoRvzflUC9FpMl3B/Cy3I5HRtJGlF6WuvDln+hARtI+9gBS9j/RgUFpbqSKkMMC8D91IO1BfguJc/m3dGBS0gphS+cRokmc+jtWqDw5lqS6+GwKdUv1APq+HDxqJV6VI2jvpbqgW9ZKUtP9r8QQQkkid3sTEULZ5nKcVMp1/mF3GoU50V9Bn4O4R6DL6U57L7JF9at1iXkcntqvdEQRcE0WZ6k6Un47sHLVH0N9lYb79bk5Kx7vxKvWsYBD7FHQLrVxFFvsn4KzQsXTi/L9TQ6vKECQtf8TmVhhbpghzpqhuTqapxual/wBChHndRW8JsiongSauZ3Fc+usmUCGmytHWHDWUYGmAX55EtQLdLqQWJhntjVT/x8mGKnWJGsWcSK19z09FhpkzU67jqSAmoTCXhzjouWQ2HXBDNo+LkJjWzjTmGVTKhqpOzTRPkgnalPiwoK1vNeZI/GAIbCav/mI41wLQxat4qOM+AoDAP3Vt4Dcql71kg43O5BzmD7Dl/sOk+K4LeAXj2KTsybEJwy1LaJtsWL6nB8IefU4LwotnhwQ5dcG2TSZeLE8/nUy7htqG8RCzppxH6i2H0zMp0ujJQ5/y8uRdkLHo/a01Vq1h6E8oxQJqfaV+460C3fb9v6r24y1ePihfIM492QZS5lIfcEO3L3dXGmvHyqYJMmpBoyyghveXVKIDUI4yjCVPdaRGylDg3qUQNFHICp/3SyExTzaFR+sGUiT4uldoOjz6LPJE7SrZXfuxUebCrmwAEjPPehSmTDPyFzsq984XJZJuGMF8SwUfrnIbVAyEcMW62ppQuGe430PEukksFeQB/Rg0mkcyr3qjK/RG36SKXEfk222XwfxgeOV/qsbjOJjBCrjeP8xaiwazV23M375jcqgXFIdf/Y/duv1cLuaUdDokUL1rEkNd9nDGeN/pvUoMz99+04Usv5TwpOf8pSnPOUpT3nKU/5r+QnL/zLKJKcZgAAAAABJRU5ErkJggg==
\.


--
-- Name: Users_userId_seq; Type: SEQUENCE SET; Schema: public; Owner: postgres
--

SELECT pg_catalog.setval('public."Users_userId_seq"', 74, true);


--
-- Name: posts_postid_seq; Type: SEQUENCE SET; Schema: public; Owner: postgres
--

SELECT pg_catalog.setval('public.posts_postid_seq', 96, true);


--
-- Name: users Users_pkey; Type: CONSTRAINT; Schema: public; Owner: postgres
--

ALTER TABLE ONLY public.users
    ADD CONSTRAINT "Users_pkey" PRIMARY KEY (userid);


--
-- Name: users email_unique; Type: CONSTRAINT; Schema: public; Owner: postgres
--

ALTER TABLE ONLY public.users
    ADD CONSTRAINT email_unique UNIQUE (email);


--
-- Name: posts posts_pkey; Type: CONSTRAINT; Schema: public; Owner: postgres
--

ALTER TABLE ONLY public.posts
    ADD CONSTRAINT posts_pkey PRIMARY KEY (postid);


--
-- Name: tokens tokens_pkey; Type: CONSTRAINT; Schema: public; Owner: postgres
--

ALTER TABLE ONLY public.tokens
    ADD CONSTRAINT tokens_pkey PRIMARY KEY (refreshtoken);


--
-- Name: user_followers user_follower_pkey; Type: CONSTRAINT; Schema: public; Owner: postgres
--

ALTER TABLE ONLY public.user_followers
    ADD CONSTRAINT user_follower_pkey PRIMARY KEY (userid, follows_userid);


--
-- Name: users username_unique; Type: CONSTRAINT; Schema: public; Owner: postgres
--

ALTER TABLE ONLY public.users
    ADD CONSTRAINT username_unique UNIQUE (username);


--
-- Name: posts posts_postuserid_fkey; Type: FK CONSTRAINT; Schema: public; Owner: postgres
--

ALTER TABLE ONLY public.posts
    ADD CONSTRAINT posts_postuserid_fkey FOREIGN KEY (postuserid) REFERENCES public.users(userid) ON DELETE CASCADE;


--
-- Name: user_followers user_followers_follows_userid_fkey; Type: FK CONSTRAINT; Schema: public; Owner: postgres
--

ALTER TABLE ONLY public.user_followers
    ADD CONSTRAINT user_followers_follows_userid_fkey FOREIGN KEY (follows_userid) REFERENCES public.users(userid) ON DELETE CASCADE;


--
-- Name: user_followers user_followers_userid_fkey; Type: FK CONSTRAINT; Schema: public; Owner: postgres
--

ALTER TABLE ONLY public.user_followers
    ADD CONSTRAINT user_followers_userid_fkey FOREIGN KEY (userid) REFERENCES public.users(userid) ON DELETE CASCADE;


--
-- PostgreSQL database dump complete
--

